{"cameraMode":{"drawMode":0,"name":"Shaded","section":"Shading Mode"},"sceneLighting":true,"audioPlay":false,"sceneViewState":{"m_AlwaysRefresh":false,"showFog":true,"showSkybox":true,"showFlares":true,"showImageEffects":true,"showParticleSystems":true,"showVisualEffectGraphs":true,"m_FxEnabled":true},"in2DMode":false,"pivot":{"x":-2.5638699531555177,"y":-0.22513623535633088,"z":0.021291252225637437},"rotation":{"x":0.07383831590414047,"y":0.8754668235778809,"z":-0.14173318445682527,"w":0.45610618591308596},"size":1.5592831373214722,"orthographic":false}